Node,X,Y
1,163.306,0
2,158.855,51.6151
3,152.726,110.962
4,115.828,159.423
5,40.8356,125.679
6,7.96784e-15,130.125
7,-43.9751,135.342
8,-6.69904,9.22044
9,-28.3173,20.5737
10,-112.85,36.6672
11,-62.7657,7.68658e-15
12,-150.039,-48.7505
13,-68.0013,-49.4058
14,-102.039,-140.444
15,-2.975,-9.15612
16,-1.57053e-14,-85.4957
17,61.266,-188.557
18,47.5011,-65.3797
19,142.229,-103.335
20,16.6603,-5.41326
