ueid,txpower
1,23.885293
2,0.263053
3,2.666380
4,10.875608
5,16.842211
6,23.004460
7,1.761828
8,5.542345
9,20.611452
10,21.975314
11,28.492472
12,12.284297
13,3.862142
14,5.914896
15,0.142018
16,14.895554
17,7.790215
18,0.226070
19,6.660866
20,19.405613
